Dia,Mês,Ano,Dia da Semana,Nascer do Sol,Pôr do Sol,Maré 1 - Horário,Maré 1 - Altura (m),Maré 2 - Horário,Maré 2 - Altura (m),Maré 3 - Horário,Maré 3 - Altura (m),Maré 4 - Horário,Maré 4 - Altura (m),Coeficiente
1,1,2024,Seg,5:04,17:41,1:08,"0,6",7:04,"1,8",13:05,"0,7",19:17,"1,8",54
2,1,2024,Ter,5:04,17:41,1:48,"0,6",7:46,"1,7",13:52,"0,7",20:05,"1,9",49
3,1,2024,Qua,5:05,17:42,2:32,"0,8",8:35,"1,7",14:44,"0,8",20:56,"1,7",45
4,1,2024,Qui,5:05,17:42,3:26,"0,8",9:30,"1,7",15:46,"0,9",21:54,"1,7",43
5,1,2024,Sex,5:06,17:43,4:28,"0,8",10:31,"1,7",16:53,"0,9",22:56,"1,7",45
6,1,2024,Sáb,5:06,17:43,5:29,"0,8",11:32,"1,8",17:58,"0,8",23:56,"1,7",50
7,1,2024,Dom,5:07,17:43,6:23,"0,7",12:27,"1,9",18:55,"0,7",,,57
8,1,2024,Seg,5:07,17:44,0:50,"1,8",7:11,"0,6",13:16,"2,0",19:44,"0,6",65
9,1,2024,Ter,5:08,17:44,1:38,"1,9",7:54,"0,5",13:59,"2,1",20:29,"0,5",72
10,1,2024,Qua,5:08,17:44,2:21,"1,9",8:35,"0,4",14:40,"2,2",21:10,"0,4",79
11,1,2024,Qui,5:09,17:45,3:01,"2,0",9:14,"0,3",15:18,"2,3",21:49,"0,3",84
12,1,2024,Sex,5:09,17:45,3:39,"2,1",9:52,"0,2",15:55,"2,4",22:27,"0,2",88
13,1,2024,Sáb,5:10,17:45,4:16,"2,2",10:30,"0,1",16:32,"2,4",23:04,"0,1",90
14,1,2024,Dom,5:10,17:45,4:53,"2,2",11:07,"0,1",17:09,"2,5",23:43,"0,1",92
15,1,2024,Seg,5:11,17:46,5:31,"2,2",11:46,"0,1",17:47,"2,5",,,92
16,1,2024,Ter,5:11,17:46,0:23,"0,1",6:11,"2,2",12:26,"0,1",18:27,"2,5",90
17,1,2024,Qua,5:12,17:46,1:06,"0,1",6:53,"2,2",13:10,"0,2",19:10,"2,5",86
18,1,2024,Qui,5:12,17:46,1:53,"0,2",7:38,"2,2",13:59,"0,3",19:58,"2,4",80
19,1,2024,Sex,5:13,17:46,2:46,"0,3",8:30,"2,1",14:55,"0,4",20:53,"2,3",72
20,1,2024,Sáb,5:13,17:46,3:47,"0,4",9:30,"2,0",15:58,"0,5",21:56,"2,2",62
21,1,2024,Dom,5:14,17:47,4:54,"0,5",10:37,"1,9",17:06,"0,5",23:01,"2,2",54
22,1,2024,Seg,5:14,17:47,5:59,"0,6",11:44,"1,9",18:11,"0,5",,,50
23,1,2024,Ter,5:15,17:47,0:03,"2,1",6:57,"0,6",12:44,"1,9",19:08,"0,4",51
24,1,2024,Qua,5:15,17:47,0:58,"2,1",7:48,"0,5",13:36,"2,0",19:58,"0,4",56
25,1,2024,Sex,5:16,17:47,1:47,"2,2",8:34,"0,4",14:23,"2,1",20:43,"0,3",63
26,1,2024,Sáb,5:16,17:47,2:31,"2,3",9:17,"0,3",15:05,"2,2",21:24,"0,2",71
27,1,2024,Dom,5:17,17:47,3:11,"2,4",9:57,"0,2",15:45,"2,3",22:02,"0,1",78
28,1,2024,Seg,5:17,17:47,3:49,"2,5",10:35,"0,1",16:23,"2,4",22:39,"0,0",84
29,1,2024,Ter,5:18,17:48,4:27,"2,5",11:13,"0,0",17:00,"2,5",23:15,"0,0",87
30,1,2024,Qua,5:19,17:48,5:05,"2,5",11:51,"0,0",17:38,"2,5",23:51,"0,0",89
31,1,2024,Qui,5:20,17:48,5:44,"2,5",12:30,"0,1",18:17,"2,5",,,88
1,2,2024,Sex,5:20,17:49,0:29,"0,0",6:25,"2,4",13:10,"0,1",18:58,"2,4",85
2,2,2024,Sáb,5:20,17:49,1:10,"0,1",7:09,"2,3",13:54,"0,2",19:43,"2,3",79
3,2,2024,Dom,5:21,17:49,1:56,"0,2",7:57,"2,2",14:43,"0,3",20:34,"2,2",70
4,2,2024,Seg,5:21,17:49,2:49,"0,4",8:53,"2,0",15:39,"0,4",21:32,"2,1",60
5,2,2024,Ter,5:21,17:49,3:50,"0,5",9:56,"1,9",16:42,"0,5",22:36,"2,0",50
6,2,2024,Qua,5:21,17:49,4:56,"0,6",11:03,"1,9",17:47,"0,5",23:39,"2,0",46
7,2,2024,Qui,5:21,17:49,5:58,"0,7",12:05,"1,9",18:45,"0,5",,,46
8,2,2024,Sex,5:22,17:49,0:38,"2,0",6:52,"0,6",12:59,"1,9",19:34,"0,4",51
9,2,2024,Sáb,5:22,17:49,1:30,"2,1",7:41,"0,5",13:47,"2,0",20:19,"0,3",59
10,2,2024,Dom,5:22,17:49,2:16,"2,2",8:26,"0,4",14:30,"2,2",21:00,"0,2",67
11,2,2024,Seg,5:22,17:48,2:59,"2,3",9:07,"0,3",15:10,"2,3",21:39,"0,1",74
12,2,2024,Ter,5:22,17:48,3:38,"2,4",9:47,"0,2",15:48,"2,4",22:16,"0,1",79
13,2,2024,Qua,5:22,17:48,4:17,"2,4",10:26,"0,1",16:26,"2,4",22:54,"0,1",83
14,2,2024,Qui,5:22,17:48,4:55,"2,5",11:05,"0,1",17:04,"2,5",23:32,"0,1",85
15,2,2024,Sex,5:22,17:47,5:34,"2,5",11:45,"0,1",17:43,"2,5",,,85
16,2,2024,Sáb,5:22,17:47,0:11,"0,1",6:14,"2,4",12:26,"0,1",18:24,"2,4",83
17,2,2024,Dom,5:22,17:47,0:53,"0,2",6:57,"2,3",13:10,"0,2",19:08,"2,3",79
18,2,2024,Seg,5:22,17:47,1:39,"0,3",7:44,"2,2",13:59,"0,3",19:57,"2,2",71
19,2,2024,Ter,5:21,17:47,2:31,"0,5",8:37,"2,0",14:54,"0,4",20:54,"2,0",62
20,2,2024,Qua,5:21,17:46,3:31,"0,6",9:38,"1,9",15:58,"0,5",21:58,"1,9",52
21,2,2024,Qui,5:21,17:46,4:38,"0,7",10:44,"1,8",17:06,"0,6",23:03,"1,9",46
22,2,2024,Sex,5:21,17:46,5:41,"0,7",11:46,"1,8",18:07,"0,5",,,46
23,2,2024,Sáb,5:21,17:46,0:03,"2,0",6:36,"0,7",12:41,"1,9",19:00,"0,4",49
24,2,2024,Dom,5:21,17:46,0:58,"2,1",7:25,"0,6",13:29,"2,0",19:46,"0,3",56
25,2,2024,Seg,5:21,17:46,1:46,"2,2",8:09,"0,5",14:14,"2,2",20:29,"0,2",64
26,2,2024,Ter,5:20,17:45,2:31,"2,3",8:52,"0,4",14:55,"2,3",21:09,"0,1",72
27,2,2024,Qua,5:20,17:45,3:12,"2,4",9:32,"0,3",15:35,"2,4",21:48,"0,1",78
28,2,2024,Qui,5:20,17:45,3:53,"2,4",10:11,"0,2",16:14,"2,4",22:27,"0,1",82
29,2,2024,Sex,5:20,17:45,4:33,"2,4",10:51,"0,2",16:53,"2,4",23:07,"0,1",83
1,3,2024,Sáb,5:20,17:44,5:14,"2,4",11:31,"0,2",17:34,"2,3",23:48,"0,2",82
2,3,2024,Dom,5:20,17:44,5:57,"2,3",12:14,"0,3",18:18,"2,2",,,78
3,3,2024,Seg,5:19,17:43,0:31,"0,3",6:44,"2,1",13:01,"0,4",19:07,"2,1",71
4,3,2024,Ter,5:19,17:43,1:20,"0,4",7:36,"2,0",13:53,"0,5",20:02,"2,0",62
5,3,2024,Qua,5:19,17:43,2:14,"0,6",8:34,"1,8",14:52,"0,6",21:03,"1,9",51
6,3,2024,Qui,5:19,17:42,3:16,"0,7",9:38,"1,8",15:58,"0,7",22:09,"1,8",44
7,3,2024,Sex,5:19,17:42,4:22,"0,8",10:45,"1,7",17:05,"0,7",23:13,"1,8",43
8,3,2024,Sáb,5:18,17:41,5:23,"0,8",11:46,"1,8",18:05,"0,6",,,47
9,3,2024,Dom,5:18,17:41,0:12,"1,9",6:17,"0,7",12:38,"1,9",18:57,"0,5",55
10,3,2024,Seg,5:18,17:41,1:04,"2,0",7:05,"0,6",13:25,"2,0",19:43,"0,4",64
11,3,2024,Ter,5:18,17:40,1:50,"2,1",7:49,"0,5",14:07,"2,1",20:25,"0,3",72
12,3,2024,Qua,5:17,17:40,2:33,"2,2",8:31,"0,4",14:46,"2,2",21:04,"0,2",79
13,3,2024,Qui,5:17,17:39,3:12,"2,3",9:10,"0,3",15:24,"2,3",21:42,"0,2",84
14,3,2024,Sex,5:17,17:39,3:51,"2,4",9:49,"0,2",16:01,"2,4",22:20,"0,1",87
15,3,2024,Sáb,5:17,17:39,4:29,"2,4",10:28,"0,2",16:38,"2,4",22:58,"0,1",87
16,3,2024,Dom,5:16,17:38,5:07,"2,4",11:07,"0,2",17:16,"2,3",23:37,"0,2",85
17,3,2024,Seg,5:16,17:38,5:47,"2,3",11:47,"0,3",17:56,"2,2",,,81
18,3,2024,Ter,5:16,17:38,0:18,"0,3",6:30,"2,2",12:30,"0,4",18:40,"2,1",74
19,3,2024,Qua,5:15,17:37,1:04,"0,5",7:18,"2,0",13:19,"0,5",19:30,"2,0",65
20,3,2024,Qui,5:15,17:37,1:57,"0,6",8:13,"1,9",14:15,"0,6",20:27,"1,9",55
21,3,2024,Sex,5:15,17:36,3:01,"0,7",9:17,"1,8",15:20,"0,7",21:33,"1,8",48
22,3,2024,Sáb,5:14,17:36,4:11,"0,8",10:27,"1,8",16:29,"0,7",22:40,"1,8",46
23,3,2024,Dom,5:14,17:35,5:17,"0,8",11:31,"1,8",17:31,"0,6",23:41,"1,9",49
24,3,2024,Seg,5:14,17:35,6:15,"0,7",12:26,"1,9",18:24,"0,5",,,56
25,3,2024,Ter,5:13,17:35,0:34,"2,0",7:04,"0,6",13:15,"2,0",19:10,"0,4",65
26,3,2024,Qua,5:13,17:34,1:22,"2,1",7:48,"0,5",13:58,"2,1",19:53,"0,3",75
27,3,2024,Qui,5:13,17:34,2:05,"2,2",8:29,"0,4",14:38,"2,2",20:32,"0,2",82
28,3,2024,Sex,5:12,17:33,2:46,"2,3",9:08,"0,3",15:16,"2,3",21:10,"0,2",87
29,3,2024,Sáb,5:12,17:33,3:25,"2,4",9:46,"0,3",15:53,"2,4",21:47,"0,2",89
30,3,2024,Dom,5:12,17:33,4:04,"2,4",10:24,"0,2",16:30,"2,4",22:25,"0,2",89
31,3,2024,Seg,5:11,17:32,4:43,"2,3",11:03,"0,3",17:09,"2,3",23:04,"0,3",85
1,4,2024,Ter,5:11,17:32,5:24,"2,2",11:44,"0,4",17:50,"2,2",23:46,"0,4",79
2,4,2024,Qua,5:11,17:31,6:09,"2,1",12:30,"0,5",18:37,"2,1",,,71
3,4,2024,Qui,5:11,17:31,0:34,"0,5",6:59,"2,0",13:21,"0,6",19:31,"2,0",61
4,4,2024,Sex,5:10,17:31,1:30,"0,7",7:57,"1,8",14:21,"0,7",20:33,"1,9",50
5,4,2024,Sáb,5:10,17:30,2:37,"0,8",9:05,"1,8",15:30,"0,7",21:42,"1,8",44
6,4,2024,Dom,5:10,17:30,3:50,"0,8",10:17,"1,7",16:39,"0,7",22:50,"1,9",44
7,4,2024,Seg,5:10,17:29,4:58,"0,8",11:23,"1,8",17:41,"0,6",23:51,"2,0",49
8,4,2024,Ter,5:10,17:29,5:56,"0,7",12:19,"1,9",18:34,"0,5",,,58
9,4,2024,Qua,5:09,17:29,0:43,"2,1",6:47,"0,6",13:08,"2,0",19:20,"0,4",69
10,4,2024,Qui,5:09,17:28,1:30,"2,2",7:33,"0,5",13:51,"2,2",20:02,"0,3",78
11,4,2024,Sex,5:09,17:28,2:12,"2,3",8:15,"0,4",14:31,"2,3",20:41,"0,2",86
12,4,2024,Sáb,5:09,17:28,2:52,"2,4",8:54,"0,3",15:09,"2,4",21:18,"0,2",91
13,4,2024,Dom,5:08,17:27,3:31,"2,5",9:32,"0,2",15:46,"2,5",21:55,"0,1",94
14,4,2024,Seg,5:08,17:27,4:09,"2,5",10:09,"0,2",16:22,"2,5",22:32,"0,1",94
15,4,2024,Ter,5:08,17:27,4:47,"2,5",10:46,"0,2",16:59,"2,5",23:10,"0,2",91
16,4,2024,Qua,5:08,17:27,5:26,"2,4",11:25,"0,3",17:38,"2,4",23:51,"0,3",86
17,4,2024,Qui,5:08,17:26,6:09,"2,2",12:08,"0,4",18:20,"2,2",,,79
18,4,2024,Sex,5:07,17:26,0:36,"0,5",6:56,"2,1",12:55,"0,5",19:08,"2,1",70
19,4,2024,Sáb,5:07,17:26,1:28,"0,6",7:50,"2,0",13:50,"0,6",20:04,"1,9",59
20,4,2024,Dom,5:07,17:26,2:31,"0,8",8:55,"1,8",14:55,"0,7",21:11,"1,9",51
21,4,2024,Seg,5:07,17:26,3:42,"0,8",10:07,"1,8",16:08,"0,7",22:21,"1,9",48
22,4,2024,Ter,5:07,17:25,4:51,"0,8",11:15,"1,8",17:16,"0,6",23:27,"2,0",52
23,4,2024,Qua,5:06,17:25,5:51,"0,7",12:13,"1,9",18:14,"0,5",,,60
24,4,2024,Qui,5:06,17:25,0:25,"2,1",6:42,"0,6",13:03,"2,1",19:05,"0,4",70
25,4,2024,Sex,5:06,17:25,1:16,"2,2",7:30,"0,5",13:48,"2,2",19:50,"0,3",80
26,4,2024,Sáb,5:06,17:25,2:02,"2,4",8:13,"0,3",14:30,"2,4",20:33,"0,2",90
27,4,2024,Dom,5:06,17:25,2:46,"2,5",8:55,"0,2",15:10,"2,5",21:14,"0,1",96
28,4,2024,Seg,5:05,17:24,3:28,"2,6",9:36,"0,1",15:50,"2,6",21:55,"0,0",100
29,4,2024,Ter,5:05,17:24,4:10,"2,7",10:17,"0,0",16:30,"2,7",22:37,"0,0",102
30,4,2024,Qua,5:05,17:24,4:52,"2,7",10:59,"0,0",17:11,"2,7",23:20,"0,0",100
1,5,2024,Qui,5:05,17:24,5:36,"2,6",11:43,"0,0",17:55,"2,6",,,95
2,5,2024,Sex,5:05,17:24,0:05,"0,1",6:23,"2,5",12:30,"0,1",18:43,"2,4",88
3,5,2024,Sáb,5:05,17:24,0:55,"0,2",7:14,"2,3",13:21,"0,3",19:35,"2,3",78
4,5,2024,Dom,5:05,17:23,1:49,"0,4",8:10,"2,1",14:18,"0,4",20:32,"2,1",66
5,5,2024,Seg,5:05,17:23,2:48,"0,5",9:11,"2,0",15:19,"0,5",21:33,"2,0",56
6,5,2024,Ter,5:05,17:23,3:51,"0,6",10:15,"1,8",16:22,"0,6",22:36,"1,9",49
7,5,2024,Qua,5:05,17:23,4:53,"0,7",11:18,"1,8",17:22,"0,6",23:35,"1,9",47
8,5,2024,Qui,5:06,17:23,5:50,"0,7",12:15,"1,8",18:17,"0,5",,,50
9,5,2024,Sex,5:06,17:23,0:29,"1,9",6:40,"0,7",13:05,"1,9",19:05,"0,5",55
10,5,2024,Sáb,5:06,17:23,1:18,"2,0",7:26,"0,6",13:51,"2,0",19:49,"0,4",63
11,5,2024,Dom,5:06,17:23,2:02,"2,1",8:09,"0,5",14:32,"2,1",20:30,"0,3",70
12,5,2024,Seg,5:07,17:23,2:43,"2,2",8:49,"0,4",15:11,"2,2",21:09,"0,3",76
13,5,2024,Ter,5:07,17:23,3:23,"2,3",9:28,"0,4",15:49,"2,3",21:47,"0,2",79
14,5,2024,Qua,5:07,17:23,4:01,"2,3",10:06,"0,3",16:26,"2,3",22:25,"0,2",81
15,5,2024,Qui,5:07,17:23,4:39,"2,3",10:44,"0,3",17:04,"2,4",23:04,"0,3",81
16,5,2024,Sex,5:08,17:23,5:19,"2,3",11:23,"0,3",17:43,"2,3",23:44,"0,3",78
17,5,2024,Sáb,5:08,17:23,6:00,"2,2",12:05,"0,4",18:25,"2,2",,,74
18,5,2024,Dom,5:08,17:23,0:28,"0,4",6:45,"2,1",12:50,"0,5",19:12,"2,1",67
19,5,2024,Seg,5:09,17:23,1:16,"0,5",7:35,"2,0",13:40,"0,6",20:04,"2,0",59
20,5,2024,Ter,5:09,17:23,2:11,"0,7",8:32,"1,9",14:38,"0,7",21:04,"1,9",50
21,5,2024,Qua,5:09,17:23,3:15,"0,8",9:36,"1,8",15:42,"0,7",22:08,"1,8",46
22,5,2024,Qui,5:10,17:23,4:21,"0,8",10:42,"1,8",16:45,"0,7",23:09,"1,8",46
23,5,2024,Sex,5:10,17:23,5:21,"0,7",11:41,"1,8",17:41,"0,6",,,50
24,5,2024,Sáb,5:10,17:23,0:04,"1,9",6:13,"0,7",12:33,"1,9",18:31,"0,5",57
25,5,2024,Dom,5:11,17:24,0:54,"2,0",7:00,"0,6",13:19,"2,0",19:16,"0,4",67
26,5,2024,Seg,5:11,17:24,1:39,"2,2",7:44,"0,5",14:02,"2,2",19:59,"0,3",77
27,5,2024,Ter,5:11,17:24,2:23,"2,4",8:27,"0,3",14:43,"2,3",20:41,"0,1",87
28,5,2024,Qua,5:12,17:24,3:06,"2,5",9:09,"0,2",15:24,"2,5",21:22,"0,0",95
29,5,2024,Sex,5:12,17:24,3:48,"2,6",9:50,"0,1",16:05,"2,6",22:04,"0,0",100
30,5,2024,Qui,5:12,17:24,4:32,"2,7",10:33,"0,0",16:48,"2,7",22:47,"0,0",103
31,5,2024,Sáb,5:13,17:24,5:16,"2,7",11:17,"0,0",17:32,"2,7",23:32,"0,0",102
1,6,2024,Dom,5:13,17:24,6:03,"2,6",12:04,"0,0",18:20,"2,6",,,98
2,6,2024,Seg,5:13,17:24,0:19,"0,1",6:52,"2,5",12:54,"0,1",19:11,"2,4",90
3,6,2024,Ter,5:13,17:24,1:11,"0,3",7:45,"2,3",13:48,"0,3",20:06,"2,3",80
4,6,2024,Qua,5:14,17:25,2:07,"0,4",8:42,"2,1",14:46,"0,4",21:05,"2,1",68
5,6,2024,Qui,5:14,17:25,3:07,"0,5",9:42,"2,0",15:47,"0,5",22:06,"2,0",57
6,6,2024,Sex,5:14,17:25,4:10,"0,6",10:44,"1,9",16:48,"0,6",23:06,"1,9",51
7,6,2024,Sáb,5:14,17:25,5:09,"0,7",11:41,"1,8",17:43,"0,5",,,49
8,6,2024,Dom,5:15,17:25,0:00,"2,0",6:01,"0,7",12:33,"1,9",18:32,"0,5",52
9,6,2024,Seg,5:15,17:25,0:50,"2,0",6:48,"0,6",13:19,"1,9",19:17,"0,4",58
10,6,2024,Ter,5:15,17:25,1:34,"2,1",7:31,"0,6",14:01,"2,0",19:58,"0,4",65
11,6,2024,Qua,5:15,17:26,2:15,"2,2",8:11,"0,5",14:40,"2,1",20:37,"0,3",71
12,6,2024,Qui,5:16,17:26,2:55,"2,3",8:49,"0,4",15:18,"2,2",21:15,"0,3",75
13,6,2024,Sex,5:16,17:26,3:33,"2,3",9:27,"0,4",15:55,"2,3",21:53,"0,2",78
14,6,2024,Sáb,5:16,17:26,4:12,"2,4",10:05,"0,3",16:33,"2,3",22:32,"0,2",79
15,6,2024,Dom,5:17,17:26,4:51,"2,4",10:44,"0,3",17:12,"2,3",23:13,"0,3",78
16,6,2024,Seg,5:17,17:27,5:33,"2,3",11:25,"0,4",17:54,"2,2",23:57,"0,4",75
17,6,2024,Ter,5:17,17:27,6:18,"2,2",12:10,"0,4",18:40,"2,1",,,70
18,6,2024,Qua,5:17,17:27,0:45,"0,5",7:08,"2,1",13:00,"0,5",19:30,"2,0",62
19,6,2024,Qui,5:18,17:27,1:37,"0,6",8:02,"1,9",13:55,"0,6",20:25,"1,9",54
20,6,2024,Sex,5:18,17:27,2:36,"0,8",9:03,"1,8",14:56,"0,7",21:26,"1,8",46
21,6,2024,Sáb,5:18,17:28,3:41,"0,8",10:07,"1,8",16:01,"0,7",22:28,"1,8",43
22,6,2024,Dom,5:18,17:28,4:44,"0,9",11:09,"1,8",17:02,"0,7",23:26,"1,8",44
23,6,2024,Seg,5:19,17:28,5:41,"0,8",12:05,"1,9",17:56,"0,6",,,49
24,6,2024,Ter,5:19,17:28,0:19,"1,9",6:31,"0,8",12:54,"2,0",18:45,"0,5",57
25,6,2024,Qua,5:19,17:29,1:08,"2,0",7:18,"0,7",13:40,"2,1",19:31,"0,4",67
26,6,2024,Qui,5:19,17:29,1:54,"2,2",8:02,"0,5",14:24,"2,3",20:14,"0,3",78
27,6,2024,Sex,5:20,17:29,2:39,"2,4",8:46,"0,4",15:06,"2,4",20:57,"0,1",87
28,6,2024,Sáb,5:20,17:29,3:23,"2,5",9:29,"0,2",15:48,"2,6",21:40,"0,0",95
29,6,2024,Dom,5:20,17:30,4:08,"2,7",10:11,"0,1",16:30,"2,7",22:23,"0,0",100
30,6,2024,Seg,5:20,17:30,4:53,"2,7",10:54,"0,0",17:13,"2,8",23:08,"0,0",102
1,7,2024,Ter,5:20,17:30,5:38,"2,7",11:38,"0,0",17:58,"2,8",23:55,"0,0",101
2,7,2024,Qua,5:21,17:30,6:26,"2,7",12:25,"0,1",18:46,"2,7",,,97
3,7,2024,Qui,5:21,17:31,0:43,"0,1",7:16,"2,6",13:15,"0,2",19:36,"2,5",89
4,7,2024,Sex,5:21,17:31,1:35,"0,2",8:09,"2,4",14:07,"0,3",20:31,"2,4",78
5,7,2024,Sáb,5:21,17:31,2:30,"0,4",9:05,"2,2",15:03,"0,4",21:28,"2,2",67
6,7,2024,Dom,5:21,17:31,3:29,"0,5",10:04,"2,1",16:02,"0,5",22:27,"2,0",57
7,7,2024,Seg,5:21,17:31,4:29,"0,6",11:03,"2,0",17:01,"0,6",23:25,"2,0",50
8,7,2024,Ter,5:22,17:32,5:25,"0,7",11:59,"1,9",17:55,"0,6",,,49
9,7,2024,Qua,5:22,17:32,0:18,"2,0",6:15,"0,7",12:49,"1,9",18:45,"0,5",51
10,7,2024,Qui,5:22,17:32,1:07,"2,0",7:02,"0,7",13:35,"1,9",19:30,"0,5",56
11,7,2024,Sex,5:22,17:32,1:51,"2,1",7:45,"0,6",14:17,"2,0",20:12,"0,4",63
12,7,2024,Sáb,5:22,17:32,2:32,"2,2",8:26,"0,5",14:57,"2,1",20:52,"0,4",68
13,7,2024,Dom,5:22,17:33,3:11,"2,2",9:05,"0,5",15:35,"2,2",21:31,"0,3",72
14,7,2024,Seg,5:22,17:33,3:49,"2,3",9:43,"0,4",16:12,"2,3",22:09,"0,3",75
15,7,2024,Ter,5:22,17:33,4:27,"2,3",10:21,"0,4",16:50,"2,3",22:48,"0,3",76
16,7,2024,Qua,5:22,17:33,5:06,"2,3",11:00,"0,4",17:30,"2,3",23:29,"0,4",75
17,7,2024,Qui,5:22,17:33,5:47,"2,2",11:42,"0,4",18:12,"2,2",,,72
18,7,2024,Sex,5:22,17:33,0:13,"0,5",6:31,"2,1",12:28,"0,5",18:59,"2,1",66
19,7,2024,Sáb,5:21,17:34,1:01,"0,6",7:21,"2,0",13:18,"0,6",19:50,"2,0",59
20,7,2024,Dom,5:21,17:34,1:54,"0,7",8:17,"1,9",14:15,"0,7",20:47,"1,9",50
21,7,2024,Seg,5:21,17:34,2:55,"0,8",9:19,"1,8",15:18,"0,8",21:48,"1,8",44
22,7,2024,Ter,5:21,17:34,3:58,"0,9",10:22,"1,8",16:21,"0,8",22:49,"1,8",41
23,7,2024,Qua,5:21,17:34,4:58,"0,9",11:21,"1,8",17:19,"0,7",23:45,"1,8",43
24,7,2024,Qui,5:21,17:34,5:52,"0,9",12:15,"1,9",18:11,"0,6",,,48
25,7,2024,Sex,5:21,17:34,0:37,"1,9",6:42,"0,8",13:03,"2,0",18:59,"0,5",56
26,7,2024,Sáb,5:20,17:34,1:26,"2,1",7:29,"0,7",13:48,"2,1",19:44,"0,4",66
27,7,2024,Dom,5:20,17:34,2:12,"2,2",8:13,"0,6",14:30,"2,3",20:27,"0,3",77
28,7,2024,Seg,5:20,17:34,2:57,"2,4",8:57,"0,5",15:12,"2,5",21:10,"0,1",86
29,7,2024,Ter,5:20,17:34,3:40,"2,5",9:39,"0,3",15:53,"2,6",21:52,"0,0",94
30,7,2024,Qua,5:19,17:34,4:24,"2,6",10:22,"0,2",16:35,"2,7",22:36,"0,0",99
31,7,2024,Qui,5:19,17:34,5:08,"2,7",11:05,"0,1",17:17,"2,8",23:20,"0,0",101
1,8,2024,Sex,5:19,17:34,5:53,"2,7",11:50,"0,0",18:02,"2,7",,,99
2,8,2024,Sáb,5:19,17:34,0:07,"0,0",6:40,"2,6",12:36,"0,1",18:48,"2,6",95
3,8,2024,Dom,5:18,17:33,0:55,"0,1",7:28,"2,5",13:25,"0,2",19:37,"2,5",87
4,8,2024,Seg,5:18,17:33,1:46,"0,3",8:19,"2,3",14:16,"0,3",20:28,"2,3",76
5,8,2024,Ter,5:18,17:33,2:40,"0,4",9:12,"2,2",15:09,"0,5",21:22,"2,1",65
6,8,2024,Qua,5:17,17:33,3:37,"0,6",10:07,"2,0",16:05,"0,6",22:18,"2,0",55
7,8,2024,Qui,5:17,17:33,4:34,"0,7",11:04,"1,9",17:01,"0,6",23:14,"1,9",48
8,8,2024,Sex,5:17,17:32,5:29,"0,7",11:58,"1,8",17:55,"0,6",,,46
9,8,2024,Sáb,5:16,17:32,0:07,"1,9",6:20,"0,8",12:49,"1,8",18:45,"0,6",48
10,8,2024,Dom,5:16,17:32,0:57,"1,9",7:07,"0,7",13:36,"1,8",19:32,"0,5",53
11,8,2024,Seg,5:15,17:32,1:43,"2,0",7:51,"0,7",14:19,"1,9",20:16,"0,5",59
12,8,2024,Ter,5:15,17:31,2:26,"2,1",8:32,"0,6",15:00,"2,0",20:57,"0,4",65
13,8,2024,Qua,5:15,17:31,3:06,"2,1",9:11,"0,5",15:39,"2,1",21:37,"0,4",69
14,8,2024,Qui,5:14,17:31,3:45,"2,2",9:50,"0,5",16:17,"2,1",22:16,"0,4",71
15,8,2024,Sex,5:14,17:31,4:23,"2,2",10:28,"0,5",16:55,"2,1",22:56,"0,4",72
16,8,2024,Sáb,5:13,17:30,5:01,"2,2",11:06,"0,5",17:33,"2,1",23:36,"0,5",70
17,8,2024,Dom,5:13,17:30,5:41,"2,1",11:46,"0,5",18:13,"2,1",,,67
18,8,2024,Seg,5:13,17:30,0:18,"0,6",6:23,"2,0",12:29,"0,6",18:56,"2,0",62
19,8,2024,Ter,5:12,17:29,1:04,"0,7",7:09,"1,9",13:15,"0,7",19:44,"1,9",55
20,8,2024,Qua,5:12,17:29,1:54,"0,8",8:00,"1,8",14:07,"0,7",20:36,"1,8",48
21,8,2024,Qui,5:11,17:29,2:52,"0,9",8:58,"1,7",15:05,"0,8",21:34,"1,8",42
22,8,2024,Sex,5:11,17:28,3:56,"1,0",10:02,"1,7",16:09,"0,8",22:36,"1,7",40
23,8,2024,Sáb,5:10,17:28,4:59,"1,0",11:06,"1,7",17:11,"0,8",23:37,"1,8",41
24,8,2024,Dom,5:10,17:27,5:57,"0,9",12:05,"1,8",18:07,"0,7",,,46
25,8,2024,Seg,5:09,17:27,0:34,"1,8",6:48,"0,9",12:58,"1,9",18:59,"0,6",53
26,8,2024,Ter,5:09,17:27,1:26,"1,9",7:37,"0,8",13:46,"2,0",19:47,"0,4",63
27,8,2024,Qua,5:08,17:26,2:15,"2,1",8:23,"0,7",14:32,"2,2",20:33,"0,3",74
28,8,2024,Qui,5:08,17:26,3:01,"2,2",9:07,"0,5",15:15,"2,3",21:17,"0,2",82
29,8,2024,Sex,5:07,17:25,3:45,"2,4",9:50,"0,4",15:57,"2,5",22:00,"0,1",89
30,8,2024,Sáb,5:07,17:25,4:28,"2,5",10:31,"0,2",16:38,"2,5",22:42,"0,0",92
31,8,2024,Dom,5:06,17:25,5:10,"2,5",11:12,"0,1",17:18,"2,5",23:25,"0,0",92
1,9,2024,Seg,5:06,17:24,5:52,"2,5",11:52,"0,1",17:59,"2,5",,,89
2,9,2024,Ter,5:05,17:24,0:07,"0,1",6:33,"2,4",12:33,"0,2",18:40,"2,4",83
3,9,2024,Qua,5:05,17:23,0:50,"0,2",7:15,"2,3",13:14,"0,3",19:22,"2,2",74
4,9,2024,Qui,5:05,17:23,1:35,"0,4",7:57,"2,1",13:57,"0,4",20:06,"2,1",64
5,9,2024,Sex,5:04,17:22,2:21,"0,5",8:41,"2,0",14:42,"0,5",20:52,"2,0",54
6,9,2024,Sáb,5:04,17:22,3:10,"0,7",9:28,"1,8",15:29,"0,6",21:41,"1,9",47
7,9,2024,Dom,5:03,17:21,4:03,"0,7",10:19,"1,7",16:22,"0,7",22:35,"1,8",43
8,9,2024,Seg,5:03,17:21,4:59,"0,8",11:15,"1,7",17:19,"0,7",23:31,"1,8",43
9,9,2024,Ter,5:02,17:21,5:55,"0,8",12:11,"1,7",18:15,"0,7",,,46
10,9,2024,Qua,5:02,17:20,0:26,"1,8",6:48,"0,8",13:05,"1,7",19:08,"0,6",50
11,9,2024,Qui,5:02,17:20,1:18,"1,9",7:38,"0,7",13:55,"1,8",19:57,"0,6",57
12,9,2024,Sex,5:01,17:19,2:06,"1,9",8:25,"0,6",14:41,"1,9",20:43,"0,5",63
13,9,2024,Sáb,5:01,17:19,2:51,"2,0",9:09,"0,6",15:25,"2,0",21:26,"0,5",68
14,9,2024,Dom,5:00,17:18,3:33,"2,0",9:50,"0,5",16:06,"2,0",22:07,"0,4",71
15,9,2024,Seg,5:00,17:18,4:13,"2,0",10:30,"0,5",16:46,"2,0",22:47,"0,4",72
16,9,2024,Ter,5:00,17:17,4:52,"2,0",11:09,"0,5",17:25,"2,0",23:26,"0,5",71
17,9,2024,Qua,4:59,17:17,5:31,"2,0",11:47,"0,5",18:04,"2,0",,,68
18,9,2024,Qui,4:59,17:17,0:05,"0,6",6:09,"1,9",12:26,"0,6",18:44,"1,9",64
19,9,2024,Sex,4:58,17:16,0:45,"0,7",6:48,"1,8",13:07,"0,7",19:26,"1,8",58
20,9,2024,Sáb,4:58,17:16,1:28,"0,8",7:31,"1,7",13:50,"0,7",20:11,"1,8",51
21,9,2024,Dom,4:58,17:15,2:16,"0,9",8:18,"1,7",14:39,"0,8",21:01,"1,7",44
22,9,2024,Seg,4:57,17:15,3:11,"0,9",9:14,"1,6",15:37,"0,8",21:59,"1,7",39
23,9,2024,Ter,4:57,17:14,4:14,"1,0",10:21,"1,6",16:43,"0,8",23:03,"1,7",37
24,9,2024,Qua,4:57,17:14,5:19,"1,0",11:30,"1,7",17:48,"0,8",,,39
25,9,2024,Qui,4:56,17:14,0:06,"1,8",6:19,"0,9",12:33,"1,8",18:46,"0,6",45
26,9,2024,Sex,4:56,17:13,1:04,"1,9",7:13,"0,8",13:28,"1,9",19:38,"0,5",53
27,9,2024,Sáb,4:56,17:13,1:57,"2,0",8:03,"0,7",14:18,"2,1",20:26,"0,3",64
28,9,2024,Dom,4:55,17:12,2:45,"2,2",8:49,"0,5",15:04,"2,2",21:11,"0,2",75
29,9,2024,Seg,4:55,17:12,3:30,"2,3",9:33,"0,4",15:47,"2,4",21:54,"0,1",83
30,9,2024,Ter,4:55,17:11,4:13,"2,4",10:15,"0,2",16:29,"2,5",22:36,"0,0",88
1,10,2024,Qua,4:54,17:11,4:56,"2,5",10:56,"0,1",17:10,"2,5",23:18,"0,0",90
2,10,2024,Qui,4:54,17:11,5:38,"2,5",11:37,"0,1",17:51,"2,5",,,89
3,10,2024,Sex,4:54,17:10,0:00,"0,0",6:19,"2,4",12:17,"0,1",18:32,"2,4",85
4,10,2024,Sáb,4:54,17:10,0:42,"0,1",7:00,"2,3",12:57,"0,2",19:14,"2,3",78
5,10,2024,Dom,4:53,17:10,1:25,"0,3",7:42,"2,1",13:39,"0,3",19:57,"2,1",69
6,10,2024,Seg,4:53,17:09,2:10,"0,4",8:26,"2,0",14:23,"0,4",20:42,"2,0",59
7,10,2024,Ter,4:53,17:09,2:57,"0,6",9:12,"1,8",15:11,"0,5",21:31,"1,9",50
8,10,2024,Qua,4:53,17:09,3:48,"0,7",10:04,"1,7",16:04,"0,6",22:25,"1,8",44
9,10,2024,Qui,4:52,17:09,4:43,"0,7",11:01,"1,7",17:03,"0,7",23:22,"1,8",41
10,10,2024,Sex,4:52,17:08,5:39,"0,7",11:59,"1,7",18:01,"0,7",,,42
11,10,2024,Sáb,4:52,17:08,0:19,"1,8",6:33,"0,7",12:54,"1,7",18:55,"0,6",46
12,10,2024,Dom,4:52,17:08,1:12,"1,8",7:24,"0,7",13:45,"1,8",19:46,"0,6",52
13,10,2024,Seg,4:52,17:08,2:01,"1,9",8:12,"0,6",14:32,"1,9",20:33,"0,5",59
14,10,2024,Ter,4:51,17:08,2:46,"2,0",8:57,"0,5",15:16,"2,0",21:17,"0,4",65
15,10,2024,Qua,4:51,17:07,3:28,"2,0",9:39,"0,5",15:58,"2,0",21:59,"0,4",69
16,10,2024,Qui,4:51,17:07,4:08,"2,0",10:19,"0,4",16:38,"2,0",22:39,"0,4",70
17,10,2024,Sex,4:51,17:07,4:47,"2,0",10:57,"0,4",17:16,"2,0",23:18,"0,5",70
18,10,2024,Sáb,4:51,17:07,5:25,"2,0",11:35,"0,5",17:55,"2,0",23:57,"0,5",68
19,10,2024,Dom,4:51,17:07,6:03,"1,9",12:14,"0,5",18:35,"1,9",,,65
20,10,2024,Seg,4:50,17:07,0:37,"0,6",6:42,"1,9",12:54,"0,6",19:17,"1,9",60
21,10,2024,Ter,4:50,17:07,1:19,"0,7",7:22,"1,8",13:36,"0,7",20:01,"1,8",54
22,10,2024,Qua,4:50,17:07,2:04,"0,8",8:06,"1,7",14:23,"0,7",20:49,"1,8",48
23,10,2024,Qui,4:50,17:07,2:56,"0,8",8:58,"1,7",15:17,"0,8",21:43,"1,7",42
24,10,2024,Sex,4:50,17:07,3:58,"0,9",10:01,"1,7",16:21,"0,8",22:45,"1,7",39
25,10,2024,Sáb,4:50,17:07,5:05,"0,9",11:13,"1,7",17:28,"0,8",23:48,"1,8",39
26,10,2024,Dom,4:50,17:07,6:07,"0,9",12:20,"1,8",18:29,"0,7",,,43
27,10,2024,Seg,4:50,17:07,0:45,"1,8",6:59,"0,8",13:18,"1,9",19:23,"0,6",49
28,10,2024,Ter,4:50,17:07,1:37,"1,9",7:47,"0,7",14:10,"2,0",20:12,"0,4",58
29,10,2024,Qua,4:51,17:08,2:25,"2,1",8:32,"0,6",14:58,"2,1",20:58,"0,3",68
30,10,2024,Qui,4:51,17:08,3:10,"2,2",9:15,"0,4",15:43,"2,2",21:42,"0,2",76
31,10,2024,Sex,4:51,17:08,3:53,"2,2",9:57,"0,3",16:26,"2,3",22:24,"0,1",82
1,11,2024,Sáb,4:51,17:08,4:34,"2,3",10:37,"0,2",17:07,"2,4",23:05,"0,1",85
2,11,2024,Dom,4:51,17:09,5:14,"2,3",11:17,"0,2",17:47,"2,4",23:46,"0,1",85
3,11,2024,Seg,4:51,17:09,5:54,"2,2",11:56,"0,2",18:28,"2,3",,,82
4,11,2024,Ter,4:52,17:09,0:27,"0,2",6:34,"2,2",12:35,"0,3",19:09,"2,2",77
5,11,2024,Qua,4:52,17:09,1:08,"0,3",7:14,"2,0",13:15,"0,4",19:50,"2,1",70
6,11,2024,Qui,4:52,17:10,1:50,"0,5",7:57,"1,9",13:58,"0,5",20:34,"2,0",61
7,11,2024,Sex,4:52,17:10,2:35,"0,6",8:42,"1,8",14:45,"0,6",21:21,"1,9",52
8,11,2024,Sáb,4:53,17:10,3:23,"0,7",9:33,"1,7",15:38,"0,7",22:13,"1,8",46
9,11,2024,Dom,4:53,17:11,4:16,"0,8",10:30,"1,6",16:37,"0,8",23:10,"1,8",42
10,11,2024,Seg,4:53,17:11,5:13,"0,8",11:33,"1,6",17:40,"0,8",,,41
11,11,2024,Ter,4:53,17:11,0:07,"1,8",6:11,"0,8",12:33,"1,7",18:38,"0,7",44
12,11,2024,Qua,4:54,17:12,1:01,"1,8",7:06,"0,8",13:28,"1,7",19:31,"0,7",48
13,11,2024,Qui,4:54,17:12,1:51,"1,9",7:58,"0,7",14:19,"1,8",20:21,"0,6",55
14,11,2024,Sex,4:54,17:12,2:37,"1,9",8:45,"0,6",15:06,"1,9",21:07,"0,5",61
15,11,2024,Sáb,4:55,17:13,3:20,"2,0",9:29,"0,6",15:49,"2,0",21:50,"0,5",66
16,11,2024,Dom,4:55,17:13,4:01,"2,0",10:10,"0,5",16:30,"2,0",22:31,"0,4",69
17,11,2024,Seg,4:55,17:14,4:39,"2,0",10:49,"0,5",17:09,"2,0",23:10,"0,5",69
18,11,2024,Ter,4:56,17:14,5:17,"2,0",11:28,"0,5",17:47,"2,0",23:49,"0,5",68
19,11,2024,Qua,4:56,17:15,5:56,"1,9",12:07,"0,6",18:27,"1,9",,,65
20,11,2024,Qui,4:57,17:15,0:28,"0,6",6:35,"1,8",12:48,"0,6",19:09,"1,9",61
21,11,2024,Sex,4:57,17:16,1:10,"0,7",7:17,"1,7",13:31,"0,7",19:54,"1,8",55
22,11,2024,Sáb,4:57,17:16,1:55,"0,8",8:02,"1,7",14:18,"0,8",20:43,"1,8",49
23,11,2024,Dom,4:58,17:17,2:47,"0,8",8:55,"1,6",15:12,"0,8",21:38,"1,7",43
24,11,2024,Seg,4:58,17:17,3:47,"0,9",9:57,"1,6",16:13,"0,9",22:39,"1,7",39
25,11,2024,Ter,4:59,17:18,4:51,"0,9",11:02,"1,6",17:18,"0,8",23:40,"1,8",38
26,11,2024,Qua,4:59,17:18,5:51,"0,9",12:03,"1,7",18:18,"0,8",,,41
27,11,2024,Qui,5:00,17:19,0:36,"1,8",6:45,"0,9",12:58,"1,8",19:12,"0,7",46
28,11,2024,Sex,5:00,17:19,1:28,"1,9",7:35,"0,8",13:49,"1,9",20:02,"0,6",54
29,11,2024,Sáb,5:01,17:20,2:15,"2,0",8:21,"0,7",14:35,"2,1",20:48,"0,5",63
30,11,2024,Dom,5:01,17:20,3:00,"2,1",9:05,"0,6",15:19,"2,2",21:32,"0,4",72
1,12,2024,Seg,5:01,17:21,3:42,"2,2",9:46,"0,5",16:00,"2,2",22:13,"0,3",78
2,12,2024,Ter,5:02,17:21,4:23,"2,2",10:25,"0,4",16:40,"2,3",22:53,"0,3",82
3,12,2024,Qua,5:02,17:22,5:02,"2,2",11:03,"0,4",17:19,"2,3",23:32,"0,3",83
4,12,2024,Qui,5:03,17:22,5:41,"2,2",11:41,"0,4",17:58,"2,2",,,82
5,12,2024,Sex,5:03,17:23,0:11,"0,3",6:20,"2,1",12:20,"0,4",18:38,"2,2",78
6,12,2024,Sáb,5:04,17:23,0:51,"0,4",7:00,"2,0",13:00,"0,5",19:20,"2,1",72
7,12,2024,Dom,5:04,17:24,1:32,"0,5",7:41,"1,9",13:42,"0,6",20:04,"2,0",64
8,12,2024,Seg,5:05,17:24,2:16,"0,6",8:26,"1,8",14:28,"0,7",20:52,"1,9",56
9,12,2024,Ter,5:05,17:25,3:04,"0,7",9:15,"1,7",15:19,"0,7",21:45,"1,8",49
10,12,2024,Qua,5:06,17:25,3:57,"0,8",10:10,"1,7",16:16,"0,8",22:42,"1,8",43
11,12,2024,Qui,5:06,17:26,4:54,"0,8",11:10,"1,6",17:17,"0,8",23:41,"1,8",41
12,12,2024,Sex,5:07,17:27,5:52,"0,8",12:09,"1,6",18:16,"0,8",,,42
13,12,2024,Sáb,5:07,17:27,0:38,"1,8",6:46,"0,8",13:05,"1,7",19:10,"0,7",45
14,12,2024,Dom,5:08,17:28,1:30,"1,8",7:37,"0,8",13:56,"1,7",20:00,"0,7",50
15,12,2024,Seg,5:08,17:28,2:19,"1,8",8:24,"0,7",14:43,"1,8",20:46,"0,6",56
16,12,2024,Ter,5:09,17:29,3:03,"1,9",9:08,"0,7",15:27,"1,9",21:30,"0,6",61
17,12,2024,Qua,5:10,17:30,3:45,"1,9",9:50,"0,6",16:08,"1,9",22:11,"0,5",64
18,12,2024,Qui,5:10,17:30,4:25,"1,9",10:29,"0,6",16:47,"2,0",22:51,"0,5",66
19,12,2024,Sex,5:11,17:31,5:03,"1,9",11:07,"0,6",17:25,"1,9",23:29,"0,6",66
20,12,2024,Sáb,5:11,17:32,5:41,"1,9",11:46,"0,6",18:03,"1,9",,,65
21,12,2024,Dom,5:12,17:32,0:07,"0,6",6:18,"1,8",12:25,"0,7",18:42,"1,9",62
22,12,2024,Seg,5:12,17:33,0:46,"0,7",6:57,"1,8",13:06,"0,7",19:23,"1,8",58
23,12,2024,Ter,5:13,17:33,1:27,"0,8",7:39,"1,7",13:50,"0,8",20:08,"1,8",53
24,12,2024,Qua,5:13,17:34,2:13,"0,8",8:26,"1,7",14:39,"0,8",20:58,"1,7",48
25,12,2024,Qui,5:14,17:35,3:05,"0,9",9:21,"1,6",15:36,"0,9",21:55,"1,7",43
26,12,2024,Sex,5:14,17:35,4:07,"0,9",10:24,"1,6",16:38,"0,9",22:58,"1,7",40
27,12,2024,Sáb,5:15,17:36,5:10,"0,9",11:28,"1,7",17:39,"0,8",23:58,"1,8",41
28,12,2024,Dom,5:15,17:36,6:08,"0,9",12:26,"1,8",18:35,"0,8",,,44
29,12,2024,Seg,5:16,17:37,0:53,"1,9",6:59,"0,8",13:19,"1,9",19:26,"0,7",50
30,12,2024,Ter,5:16,17:37,1:44,"2,0",7:48,"0,7",14:07,"2,0",20:14,"0,6",57
31,12,2024,Qua,5:17,17:38,2:31,"2,1",8:34,"0,6",14:52,"2,1",20:59,"0,5",64